brand,file,source_page,license,restrictions,source
Absolut,absolut.svg,https://commons.wikimedia.org/wiki/File:Absolut_Germany_Logo_2022.svg,Public domain,trademarked,commons
Aperol,aperol.svg,https://commons.wikimedia.org/wiki/File:Aperol-Logo.svg,Public domain,trademarked,commons
Asahi,asahi.svg,https://commons.wikimedia.org/wiki/File:Asahi_logo.svg,Public domain,trademarked,commons
Baileys,baileys.svg,https://commons.wikimedia.org/wiki/File:Baileys-logo.svg,Public domain,trademarked,commons
Becks,becks.svg,https://commons.wikimedia.org/wiki/File:Becks_Prime_logo.svg,CC0,,commons
Belvedere,belvedere.jpg,https://commons.wikimedia.org/wiki/File:BELVEDERE-LOGO.jpg,Public domain,,commons
Black Box,black-box.svg,https://commons.wikimedia.org/wiki/File:Black_Box_Corporation_logo.svg,Public domain,trademarked,commons
Brooklyn Brewery,brooklyn-brewery.png,https://commons.wikimedia.org/wiki/File:Brooklyn_Brewery_Logo.png,Public domain,trademarked,commons
Budweiser,budweiser.svg,https://commons.wikimedia.org/wiki/File:Budweiser_Budvar_logo.svg,Public domain,trademarked,commons
Busch,busch.svg,https://commons.wikimedia.org/wiki/File:Busch_Gardens_Logo_2.svg,Public domain,trademarked,commons
Campari,campari.svg,"https://commons.wikimedia.org/wiki/File:Campari_-_logo_wordmark_(Italy,_2023-).svg",Public domain,,commons
Canadian Club,canadian-club.svg,https://commons.wikimedia.org/wiki/File:Canadian_Club_Whisky_logo.svg,Public domain,trademarked,commons
Carlsberg,carlsberg.png,https://commons.wikimedia.org/wiki/File:Carlsberg_Ukraine_logo.png,CC BY-SA 4.0,,commons
Chateau Ste Michelle,chateau-ste-michelle.png,https://commons.wikimedia.org/wiki/File:Chateau_Ste_Michelle_logo.png,Public domain,trademarked,commons
Coors,coors.svg,https://commons.wikimedia.org/wiki/File:Coors_logo.svg,Public domain,trademarked,commons
Coors Light,coors-light.svg,https://commons.wikimedia.org/wiki/File:Coors_Light_logo.svg,Public domain,trademarked,commons
Corona,corona.svg,https://commons.wikimedia.org/wiki/File:Corona_europeean_logo_blue.svg,Public domain,trademarked,commons
Don Q,don-q.webp,https://commons.wikimedia.org/wiki/File:Don_Q_rum_logo.webp,Public domain,trademarked,commons
Duckhorn,duckhorn.jpg,https://commons.wikimedia.org/wiki/File:Duckhorn_Logo.jpg,CC BY-SA 4.0,,commons
Franzia,franzia.png,https://commons.wikimedia.org/wiki/File:Franzia_logo.png,Public domain,trademarked,commons
Glenfiddich,glenfiddich.svg,https://commons.wikimedia.org/wiki/File:Glenfiddich_Text_Logo.svg,Public domain,trademarked,commons
Guinness,guinness.png,https://commons.wikimedia.org/wiki/File:Guinness_Six_Nations_logo.png,Public domain,trademarked,commons
Heineken,heineken.svg,"https://commons.wikimedia.org/wiki/File:Heineken_Beer_-_logo_vertical_(Netherlands,_1991).svg",Public domain,,commons
Hendrick's,hendricks.jpg,https://commons.wikimedia.org/wiki/File:Hendricks_logo.jpg,Public domain,trademarked,commons
Hibiki,hibiki.png,https://commons.wikimedia.org/wiki/File:Hibiki_Logo.png,Public domain,trademarked,commons
High Noon,high-noon.png,https://commons.wikimedia.org/wiki/File:High_Noon_logo.png,Public domain,trademarked,commons
Jameson,jameson.jpg,https://commons.wikimedia.org/wiki/File:Jameson_logo.jpg,CC BY-SA 3.0,,commons
Jinro,jinro.png,https://commons.wikimedia.org/wiki/File:Jinro.co.jp.logo.png,Public domain,trademarked,commons
Jose Cuervo,jose-cuervo.jpg,https://commons.wikimedia.org/wiki/File:Jose-Cuervo-logo.jpg,Public domain,trademarked,commons
Keystone,keystone.svg,https://commons.wikimedia.org/wiki/File:Keystone_logo_from_NCAA.svg,Public domain,trademarked,commons
Kirin,kirin.svg,https://commons.wikimedia.org/wiki/File:Kirin_logo.svg,Public domain,trademarked,commons
Korbel,korbel.png,https://commons.wikimedia.org/wiki/File:Korbel_School_Red_and_Gold_Logo_New_2025.png,CC BY-SA 4.0,,commons
Lagunitas,lagunitas.png,https://commons.wikimedia.org/wiki/File:Lagunitas-logo-2017.png,Public domain,trademarked,commons
Layer Cake,layer-cake.png,https://commons.wikimedia.org/wiki/File:Layer_Cake_(2004)_Logo.png,Public domain,trademarked,commons
Lone Star,lone-star.svg,https://commons.wikimedia.org/wiki/File:Lone_Star_Conference_old_logo.svg,Public domain,trademarked,commons
Mahou,mahou.svg,https://commons.wikimedia.org/wiki/File:Mahou_sensei_negima_logo.svg,Public domain,trademarked,commons
Malibu,malibu.svg,https://commons.wikimedia.org/wiki/File:Malibu_Shores_(Spelling_Television)_text_logo.svg,Public domain,trademarked,commons
Mickey's,mickeys.svg,https://commons.wikimedia.org/wiki/File:Mickey%27s_Very_Merry_Christmas_Party_logo.svg,Public domain,trademarked,commons
Newcastle,newcastle.webp,https://commons.wikimedia.org/wiki/File:Newcastle_Red_Bulls_Text_Logo_(Placeholder).webp,Public domain,trademarked,commons
Ozeki,ozeki.svg,https://commons.wikimedia.org/wiki/File:OZEKI_Logo.svg,Public domain,trademarked,commons
Pendleton,pendleton.jpg,https://commons.wikimedia.org/wiki/File:Pendleton_Logo.jpg,CC BY-SA 4.0,,commons
Presidente,presidente.svg,https://commons.wikimedia.org/wiki/File:Presidente_beer_logo.svg,Public domain,trademarked,commons
Samuel Adams,samuel-adams.svg,https://commons.wikimedia.org/wiki/File:Samuel_Adams_logo.svg,Public domain,trademarked,commons
Sapporo,sapporo.svg,https://commons.wikimedia.org/wiki/File:Sapporo_Kani_Honke_logo.svg,Public domain,trademarked,commons
Sheep Dog,sheep-dog.jpg,"https://commons.wikimedia.org/wiki/File:Sheep,_Dog_%27n%27_Wolf_logo.jpg",Public domain,trademarked,commons
Steinlager,steinlager.png,https://commons.wikimedia.org/wiki/File:Steinlager_Logo_and_Tagline.png,CC BY 4.0,,commons
Stella Artois,stella-artois.png,https://commons.wikimedia.org/wiki/File:Stella_Artois_current_logo_2015.png,CC BY 3.0,,commons
Suntory,suntory.svg,https://commons.wikimedia.org/wiki/File:Suntory_Global_Spirits_logo.svg,Public domain,trademarked,commons
Tanqueray,tanqueray.jpg,https://commons.wikimedia.org/wiki/File:Tanqueray_logo.jpg,Public domain,trademarked,commons
The Prisoner,the-prisoner.svg,https://commons.wikimedia.org/wiki/File:The_Prisoner_Logo_Line2.svg,CC BY-SA 4.0,,commons
Troublemaker,troublemaker.svg,https://commons.wikimedia.org/wiki/File:Troublemaker_logo.svg,Public domain,trademarked,commons
Twisted Tea,twisted-tea.png,https://commons.wikimedia.org/wiki/File:Twisted-Tea-Logo.png,Public domain,trademarked,commons
VMC,vmc.svg,https://commons.wikimedia.org/wiki/File:Vmc-logo-2019.svg,Public domain,trademarked,commons
Wheatley,wheatley.jpg,https://commons.wikimedia.org/wiki/File:WHEATLEY_LOGO.jpg,CC BY-SA 4.0,,commons
Wild Turkey,wild-turkey.svg,"https://commons.wikimedia.org/wiki/File:Wild_Turkey_-_logo_(United_States,_2016-).svg",Public domain,,commons
Yamazaki,yamazaki.svg,https://commons.wikimedia.org/wiki/File:YAMAZAKI_BISCUITS_COMPANY_logo.svg,Public domain,trademarked,commons
