old_file,new_file,belongs_to
black-box.svg,black-box-corporation.svg,Black Box Corporation (IT company)
budweiser.svg,budweiser-budvar.svg,Budweiser Budvar (Czech brewery)
busch.svg,busch-gardens.svg,Busch Gardens (theme parks)
guinness.png,guinness-six-nations.png,Guinness Six Nations (rugby tournament)
keystone.svg,keystone-ncaa.svg,Keystone logo from NCAA
korbel.png,korbel-school-university-of-denver.png,Korbel School (University of Denver)
layer-cake.png,layer-cake-film-2004.png,Layer Cake (2004 film)
lone-star.svg,lone-star-conference.svg,Lone Star Conference (college sports)
mahou.svg,mahou-sensei-negima.svg,Mahou Sensei Negima (anime)
malibu.svg,malibu-shores-tv.svg,Malibu Shores (TV series)
mickeys.svg,mickeys-very-merry-christmas-party.svg,Mickey's Very Merry Christmas Party (Disney)
newcastle.webp,newcastle-red-bulls.webp,Newcastle Red Bulls (rugby)
sapporo.svg,sapporo-kani-honke.svg,Sapporo Kani Honke (restaurant)
sheep-dog.jpg,sheep-dog-n-wolf.jpg,Sheep Dog 'n' Wolf
the-prisoner.svg,the-prisoner-tv-series.svg,The Prisoner (TV series)
yamazaki.svg,yamazaki-biscuits.svg,Yamazaki Biscuits Company
black-box.svg,black-box-generic-logo.svg,Black box logo (Florida company logo)
busch.svg,busch-glatz.svg,Busch Glatz
keystone.png,keystone-symposia.png,Keystone Symposia
lone-star.jpg,lone-star-literary.jpg,Lone Star Literary
malibu.png,malibu-country-tv.png,Malibu Country (TV series)
mickeys.svg,mickeys-philharmagic.svg,Mickey's PhilharMagic (Disney)
the-prisoner.jpg,the-prisoner-tv-logo.jpg,The Prisoner (TV series)
