brand,category,reason
-196 Suntory,RTD,no logo found
10 Barrel,Beer,no logo found
19 Crimes,Wine,no logo found
99 Bananas,Spirits,no logo found
AO Suntory,Spirits,no logo found
Aloha Beer,Beer,no logo found
Amstel,Beer,no logo found
Angry Orchard,RTD,no logo found
Apothic,Wine,no logo found
Arizona Hard,RTD,no logo found
Arnold Palmer Spiked,RTD,no logo found
Atomic Boss,RTD,no logo found
Austin Eastciders,RTD,no logo found
Avaline,Wine,no logo found
Bacardi,Spirits,no logo found
Barefoot,Wine,no logo found
Bartles and Jaymes,RTD,no logo found
Basil Hayden,Spirits,no logo found
Beach Juice,RTD,no logo found
Beatbox,RTD,no logo found
Beefeater,Spirits,no logo found
Big Wave,Beer,no logo found
Black Fly,RTD,no logo found
Blanton's,Spirits,no logo found
Blind Lemonade,RTD,no logo found
Bogle,Wine,no logo found
Bombay Sapphire,Spirits,no logo found
Bota Box,Wine,no logo found
Bud Light,Beer,no logo found
Bud Light Seltzer,RTD,no logo found
Buffalo Trace,Spirits,no logo found
Bulleit,Spirits,no logo found
Buzzballz,RTD,no logo found
CK Mondavi,Wine,no logo found
Camarena,Spirits,no logo found
Captain Morgan,Spirits,no logo found
Casamigos,Spirits,no logo found
Cayman Jack,RTD,no logo found
Caymus,Wine,no logo found
Cazadores,Spirits,no logo found
Chambord,Spirits,no logo found
Chivas Regal,Spirits,no logo found
Chum Churum,Spirits,no logo found
Ciroc,Spirits,no logo found
Clase Azul,Spirits,no logo found
Clay Shannon,Wine,no logo found
Cloudy Bay,Wine,no logo found
Clubtails,RTD,no logo found
Cointreau,Spirits,no logo found
Colonel E.H. Taylor,Spirits,no logo found
Corazon,Spirits,no logo found
Corona Hard Seltzer,RTD,no logo found
Coronado,Beer,no logo found
Cupcake,Wine,no logo found
Cutwater,RTD,no logo found
Dark Horse,Wine,no logo found
Decoy,Wine,no logo found
Deep Eddy,Spirits,no logo found
Deschutes,Beer,no logo found
Dewar's,Spirits,no logo found
Disaronno,Spirits,no logo found
Dogfish Head,Beer,no logo found
Don Julio,Spirits,no logo found
Dos Equis,Beer,no logo found
Dusse,Spirits,no logo found
Eagle Rare,Spirits,no logo found
Effen,Spirits,no logo found
El Jimador,Spirits,no logo found
Elijah Craig,Spirits,no logo found
Elmer T. Lee,Spirits,no logo found
Espolon,Spirits,no logo found
Estrella Jalisco,Beer,no logo found
Evan Williams,Spirits,no logo found
Fireball,Spirits,no logo found
Firestone Walker,Beer,no logo found
Fleischmann's,Spirits,no logo found
Foger,RTD,no logo found
Four Loko,RTD,no logo found
Four Roses,Spirits,no logo found
Fresh Haze,Beer,no logo found
Fruit Smash,RTD,no logo found
G4 Tequila,Spirits,no logo found
Gekkeikan,Spirits,download rejected (type/size/unsafe svg)
George T. Stagg,Spirits,no logo found
Glenlivet,Spirits,no logo found
Gold Cliff,Beer,no logo found
Goldschlager,Spirits,no logo found
Goose Island,Beer,download rejected (type/size/unsafe svg)
Gran Coramino,Spirits,no logo found
Grand Marnier,Spirits,no logo found
Grey Goose,Spirits,no logo found
Hakutsuru,Spirits,no logo found
Hallasan,Beer,no logo found
Hangar 1,Spirits,no logo found
Happy Dad,RTD,no logo found
Havana Club,Spirits,no logo found
Hawaiian Hop,Beer,no logo found
Hawaiian Vintage Chocolate,Spirits,no logo found
Hazy Bear Hug,Beer,no logo found
Hennessy,Spirits,no logo found
Henrys Hard Soda,RTD,no logo found
Herradura,Spirits,no logo found
Hite,Beer,no logo found
Honolulu Beerworks,Beer,no logo found
Hornitos,Spirits,no logo found
Hpnotiq,Spirits,no logo found
Hyoketsu,RTD,no logo found
Ichiko,Spirits,no logo found
Jagermeister,Spirits,no logo found
Jim Beam Highball,RTD,no logo found
Joel Gott,Wine,no logo found
June Shine,RTD,no logo found
Kahlua,Spirits,no logo found
Karkov,Spirits,no logo found
Kendall-Jackson,Wine,no logo found
Ketel One,Spirits,no logo found
Kim Crawford,Wine,no logo found
Knob Creek,Spirits,no logo found
Koloa Rum,Spirits,no logo found
Korbel,Wine,no logo found
Kua Bay,Beer,no logo found
La Crema,Wine,no logo found
LaMarca,Wine,no logo found
Lanikai Brewing,Beer,no logo found
Lanikai Shave Ice,RTD,no logo found
Layer Cake,Wine,no logo found
Longboard,Beer,no logo found
Lunazul,Spirits,no logo found
MD 20/20,RTD,no logo found
MXD Drinks,RTD,no logo found
Macallan,Spirits,no logo found
Magnolia Grove,Wine,no logo found
Maker's Mark,Spirits,no logo found
Matua,Wine,no logo found
Maui Brewing,Beer,no logo found
Meiomi,Wine,no logo found
Menage a Trois,Wine,no logo found
Mer Soleil,Wine,no logo found
Mezzacorona,Wine,no logo found
Michelob Ultra,Beer,no logo found
Michelob Ultra Seltzer,RTD,no logo found
Mike's Hard Lemonade,RTD,no logo found
Milagro,Spirits,no logo found
Miller High Life,Beer,no logo found
Miller Lite,Beer,no logo found
Mind Haze,Beer,no logo found
Minute Maid Spiked,RTD,no logo found
Mionetto,Wine,no logo found
Modelo,Beer,download rejected (type/size/unsafe svg)
Moet and Chandon,Wine,no logo found
Monster Beast Hard,RTD,no logo found
Montucky Cold Snacks,Beer,no logo found
Moosehead,Beer,no logo found
Mount Gay,Spirits,no logo found
Mountain Dew Hard,RTD,no logo found
Natural Ice,Beer,no logo found
New Amsterdam,Spirits,no logo found
New Belgium,Beer,no logo found
Newcastle,Beer,download rejected (type/size/unsafe svg)
Nikka,Spirits,no logo found
Not Your Fathers,RTD,no logo found
Nutrl,RTD,no logo found
Ocean Vodka,Spirits,no logo found
Old Forester,Spirits,no logo found
Ole Tequila,RTD,no logo found
On the Rocks,RTD,no logo found
Oyster Bay,Wine,no logo found
Pacifico,Beer,no logo found
Paradise Ciders,RTD,no logo found
Partybomb,RTD,no logo found
Patron,Spirits,download rejected (type/size/unsafe svg)
Peroni,Beer,download rejected (type/size/unsafe svg)
Postmark,Wine,no logo found
Press,RTD,no logo found
Ranch Water,RTD,no logo found
Rancho La Gloria,RTD,no logo found
Redd's,RTD,no logo found
Remy Martin,Spirits,no logo found
Risata,Wine,no logo found
Robert Mondavi,Wine,no logo found
Ruffino,Wine,no logo found
RumChata,Spirits,no logo found
Sailor Jerry,Spirits,no logo found
Santa Margherita,Wine,no logo found
Sauza,Spirits,no logo found
Schlitz,Beer,no logo found
Seagram's 7,Spirits,no logo found
Seagrams Escapes,RTD,no logo found
Sheep Dog,Spirits,no logo found
Sho Chiku Bai,Spirits,no logo found
Simply Spiked,RTD,no logo found
Singha,Beer,download rejected (type/size/unsafe svg)
Skinnygirl,RTD,no logo found
Skrewball,Spirits,no logo found
Smirnoff,Spirits,no logo found
Smirnoff Ice,RTD,no logo found
Southern Comfort,Spirits,no logo found
Spindrift Spiked,RTD,no logo found
Still Gin,Spirits,no logo found
Strongbow,RTD,no logo found
Sugarlands,Spirits,no logo found
Summer Club,RTD,no logo found
Sun Cruiser,RTD,no logo found
Surfside,RTD,no logo found
Sutter Home,Wine,no logo found
Svedka,Spirits,no logo found
Tecate,Beer,no logo found
Teremana,Spirits,no logo found
The Beast,RTD,no logo found
The Club,RTD,no logo found
The Velvet Devil,Wine,no logo found
Tito's,Spirits,no logo found
Topo Chico,Beer,no logo found
Topo Chico Hard Seltzer,RTD,no logo found
Truly,RTD,no logo found
Tsingtao,Beer,no logo found
Vizzy,RTD,no logo found
Voodoo Ranger,Beer,no logo found
Weller,Spirits,no logo found
Wente,Wine,no logo found
Whip Shots,Spirits,no logo found
White Claw,RTD,no logo found
Wild Basin,RTD,no logo found
Woodbridge,Wine,no logo found
Woodford Reserve,Spirits,no logo found
Yamazaki,Spirits,no logo found
Yellow Tail,Wine,no logo found
Yoju,RTD,no logo found
You Soju,RTD,no logo found
