brand,category,file_url,source_page,license,reason
1800 Tequila,Spirits,https://upload.wikimedia.org/wikipedia/en/c/c0/1800_Tequila_Logo.png?utm_source=en.wikipedia.org&utm_campaign=imageinfo&utm_content=original,https://en.wikipedia.org/wiki/File:1800_Tequila_Logo.png,PD,non-free/fair-use logo
Amstel,Beer,https://upload.wikimedia.org/wikipedia/en/4/4f/AMSTELLOGO.PNG?utm_source=en.wikipedia.org&utm_campaign=imageinfo&utm_content=original,https://en.wikipedia.org/wiki/File:AMSTELLOGO.PNG,Fair use,non-free/fair-use logo
Athletic Brewing,Beer,https://upload.wikimedia.org/wikipedia/en/5/5a/Logo_of_Athletic_Brewing_Company.jpg?utm_source=en.wikipedia.org&utm_campaign=imageinfo&utm_content=original,https://en.wikipedia.org/wiki/File:Logo_of_Athletic_Brewing_Company.jpg,Fair use,non-free/fair-use logo
Avion,Spirits,https://upload.wikimedia.org/wikipedia/commons/9/91/Avion-express-logo.jpg?utm_source=commons.wikimedia.org&utm_campaign=imageinfo&utm_content=original,https://commons.wikimedia.org/wiki/File:Avion-express-logo.jpg,CC BY-SA 4.0,generic brand name
Bacardi,Spirits,https://upload.wikimedia.org/wikipedia/commons/f/f9/Bacardi_cocktail.jpg?utm_source=en.wikipedia.org&utm_campaign=imageinfo&utm_content=original,https://commons.wikimedia.org/wiki/File:Bacardi_cocktail.jpg,CC BY 3.0,non-free/fair-use logo
Ballast Point,Beer,https://upload.wikimedia.org/wikipedia/en/8/86/Ballast_point_brewing_logo.png?utm_source=en.wikipedia.org&utm_campaign=imageinfo&utm_content=original,https://en.wikipedia.org/wiki/File:Ballast_point_brewing_logo.png,Fair use,non-free/fair-use logo
Beefeater,Spirits,https://upload.wikimedia.org/wikipedia/commons/3/37/BEEFEATER2022_%28cropped%29.jpg?utm_source=en.wikipedia.org&utm_campaign=imageinfo&utm_content=original,https://commons.wikimedia.org/wiki/File:BEEFEATER2022_(cropped).jpg,CC BY-SA 4.0,non-free/fair-use logo
Bells,Beer,https://upload.wikimedia.org/wikipedia/en/b/bd/Bell%27s_Brewery_Logo.svg?utm_source=en.wikipedia.org&utm_campaign=imageinfo&utm_content=original,https://en.wikipedia.org/wiki/File:Bell%27s_Brewery_Logo.svg,Fair use,generic brand name
Blanton's,Spirits,https://upload.wikimedia.org/wikipedia/commons/c/c5/Blanton%27s_Bourbon.jpg?utm_source=en.wikipedia.org&utm_campaign=imageinfo&utm_content=original,https://commons.wikimedia.org/wiki/File:Blanton%27s_Bourbon.jpg,CC BY-SA 4.0,non-free/fair-use logo
Blue Moon,Beer,https://upload.wikimedia.org/wikipedia/en/9/9e/Blue_Moon_2016_logo.jpg?utm_source=en.wikipedia.org&utm_campaign=imageinfo&utm_content=original,https://en.wikipedia.org/wiki/File:Blue_Moon_2016_logo.jpg,Fair use,non-free/fair-use logo
Buffalo Trace,Spirits,https://upload.wikimedia.org/wikipedia/commons/d/d8/Buffalo_Trace_Tower.jpg?utm_source=en.wikipedia.org&utm_campaign=imageinfo&utm_content=original,https://commons.wikimedia.org/wiki/File:Buffalo_Trace_Tower.jpg,CC BY-SA 3.0,non-free/fair-use logo
Calypso,RTD,https://upload.wikimedia.org/wikipedia/commons/e/ee/Calypso_FM_logo.svg?utm_source=commons.wikimedia.org&utm_campaign=imageinfo&utm_content=original,https://commons.wikimedia.org/wiki/File:Calypso_FM_logo.svg,Public domain,generic brand name
Cass,Beer,https://upload.wikimedia.org/wikipedia/commons/a/a2/Cass-review-logo.svg?utm_source=commons.wikimedia.org&utm_campaign=imageinfo&utm_content=original,https://commons.wikimedia.org/wiki/File:Cass-review-logo.svg,OGL 3,generic brand name
Chambord,Spirits,https://upload.wikimedia.org/wikipedia/en/d/d5/Chambord_Liqueur_Bottle%2C_Oct_2014.jpg?utm_source=en.wikipedia.org&utm_campaign=imageinfo&utm_content=original,"https://en.wikipedia.org/wiki/File:Chambord_Liqueur_Bottle,_Oct_2014.jpg",Fair use,non-free/fair-use logo
Chivas Regal,Spirits,https://upload.wikimedia.org/wikipedia/commons/5/5f/Chivas_image_for_wikipedia.jpg?utm_source=en.wikipedia.org&utm_campaign=imageinfo&utm_content=original,https://commons.wikimedia.org/wiki/File:Chivas_image_for_wikipedia.jpg,CC BY-SA 4.0,non-free/fair-use logo
Cloudy Bay,Wine,https://upload.wikimedia.org/wikipedia/commons/3/31/Cloudy_Bay_-_Marlborough.jpg?utm_source=en.wikipedia.org&utm_campaign=imageinfo&utm_content=original,https://commons.wikimedia.org/wiki/File:Cloudy_Bay_-_Marlborough.jpg,CC BY 2.0,non-free/fair-use logo
Colt 45,Beer,https://upload.wikimedia.org/wikipedia/en/b/b7/Colt_45_Malt_Liquor_logo.jpg?utm_source=en.wikipedia.org&utm_campaign=imageinfo&utm_content=original,https://en.wikipedia.org/wiki/File:Colt_45_Malt_Liquor_logo.jpg,Fair use,non-free/fair-use logo
Cooks,Wine,https://upload.wikimedia.org/wikipedia/commons/f/f3/Cook%27s_Illustrated_logo.svg?utm_source=commons.wikimedia.org&utm_campaign=imageinfo&utm_content=original,https://commons.wikimedia.org/wiki/File:Cook%27s_Illustrated_logo.svg,Public domain,generic brand name
Courvoisier,Spirits,https://upload.wikimedia.org/wikipedia/en/9/93/Courvoisier-cognac-logo.jpg?utm_source=en.wikipedia.org&utm_campaign=imageinfo&utm_content=original,https://en.wikipedia.org/wiki/File:Courvoisier-cognac-logo.jpg,Fair use,non-free/fair-use logo
Crown Royal,Spirits,https://upload.wikimedia.org/wikipedia/en/4/42/Crown_Royal_Logo.jpg?utm_source=en.wikipedia.org&utm_campaign=imageinfo&utm_content=original,https://en.wikipedia.org/wiki/File:Crown_Royal_Logo.jpg,Fair use,non-free/fair-use logo
Deschutes,Beer,https://upload.wikimedia.org/wikipedia/commons/6/61/DeschutesBreweryLogoRed.jpg?utm_source=en.wikipedia.org&utm_campaign=imageinfo&utm_content=original,https://commons.wikimedia.org/wiki/File:DeschutesBreweryLogoRed.jpg,CC0,non-free/fair-use logo
Disaronno,Spirits,https://upload.wikimedia.org/wikipedia/commons/a/a9/Disaronno_1.14L%2C_Canada_%28obverse%29%2C_2026-03-11.jpg?utm_source=en.wikipedia.org&utm_campaign=imageinfo&utm_content=original,"https://commons.wikimedia.org/wiki/File:Disaronno_1.14L,_Canada_(obverse),_2026-03-11.jpg",CC BY 4.0,non-free/fair-use logo
Dogfish Head,Beer,https://upload.wikimedia.org/wikipedia/en/1/1d/Dogfish_Head.jpg?utm_source=en.wikipedia.org&utm_campaign=imageinfo&utm_content=original,https://en.wikipedia.org/wiki/File:Dogfish_Head.jpg,Fair use,non-free/fair-use logo
Don Julio,Spirits,https://upload.wikimedia.org/wikipedia/commons/8/8d/Don_Julio_2014.jpg?utm_source=en.wikipedia.org&utm_campaign=imageinfo&utm_content=original,https://commons.wikimedia.org/wiki/File:Don_Julio_2014.jpg,CC BY-SA 3.0,non-free/fair-use logo
Elijah Craig,Spirits,https://upload.wikimedia.org/wikipedia/commons/f/fc/Elijah_Craig_Bourbons.jpg?utm_source=en.wikipedia.org&utm_campaign=imageinfo&utm_content=original,https://commons.wikimedia.org/wiki/File:Elijah_Craig_Bourbons.jpg,CC BY-SA 4.0,non-free/fair-use logo
Elysian,Beer,https://upload.wikimedia.org/wikipedia/en/3/3c/Elysian_brewing_company_logo.png?utm_source=en.wikipedia.org&utm_campaign=imageinfo&utm_content=original,https://en.wikipedia.org/wiki/File:Elysian_brewing_company_logo.png,Fair use,generic brand name
Evan Williams,Spirits,https://upload.wikimedia.org/wikipedia/commons/c/c6/Evan_Williams_white_label_and_black_label_whiskey_bottles.jpg?utm_source=en.wikipedia.org&utm_campaign=imageinfo&utm_content=original,https://commons.wikimedia.org/wiki/File:Evan_Williams_white_label_and_black_label_whiskey_bottles.jpg,CC BY-SA 4.0,non-free/fair-use logo
Fireball,Spirits,https://upload.wikimedia.org/wikipedia/en/9/91/Fireball_Cinnamon_Whisky_Bottle_Shot.jpg?utm_source=en.wikipedia.org&utm_campaign=imageinfo&utm_content=original,https://en.wikipedia.org/wiki/File:Fireball_Cinnamon_Whisky_Bottle_Shot.jpg,Fair use,non-free/fair-use logo
Founders,Beer,https://upload.wikimedia.org/wikipedia/commons/c/c0/Founders_Fund_logo_%282015%29.svg?utm_source=commons.wikimedia.org&utm_campaign=imageinfo&utm_content=original,https://commons.wikimedia.org/wiki/File:Founders_Fund_logo_(2015).svg,Public domain,generic brand name
George T. Stagg,Spirits,https://upload.wikimedia.org/wikipedia/commons/e/e6/George_T_Stagg.JPG?utm_source=en.wikipedia.org&utm_campaign=imageinfo&utm_content=original,https://commons.wikimedia.org/wiki/File:George_T_Stagg.JPG,CC BY-SA 3.0,non-free/fair-use logo
Grand Marnier,Spirits,https://upload.wikimedia.org/wikipedia/en/2/24/Grand_Marnier.svg?utm_source=en.wikipedia.org&utm_campaign=imageinfo&utm_content=original,https://en.wikipedia.org/wiki/File:Grand_Marnier.svg,Fair use,non-free/fair-use logo
Hamms,Beer,https://upload.wikimedia.org/wikipedia/commons/a/aa/Hamms_Logo.jpg?utm_source=commons.wikimedia.org&utm_campaign=imageinfo&utm_content=original,https://commons.wikimedia.org/wiki/File:Hamms_Logo.jpg,Public domain,generic brand name
Harken,Wine,https://upload.wikimedia.org/wikipedia/commons/e/e3/Harken-logo.svg?utm_source=commons.wikimedia.org&utm_campaign=imageinfo&utm_content=original,https://commons.wikimedia.org/wiki/File:Harken-logo.svg,Public domain,generic brand name
Havana Club,Spirits,https://upload.wikimedia.org/wikipedia/en/c/c1/Logo_Havana_Club.png?utm_source=en.wikipedia.org&utm_campaign=imageinfo&utm_content=original,https://en.wikipedia.org/wiki/File:Logo_Havana_Club.png,Fair use,non-free/fair-use logo
Hite,Beer,https://upload.wikimedia.org/wikipedia/en/8/8a/Hite_Brewery.svg?utm_source=en.wikipedia.org&utm_campaign=imageinfo&utm_content=original,https://en.wikipedia.org/wiki/File:Hite_Brewery.svg,Fair use,generic brand name
Hpnotiq,Spirits,https://upload.wikimedia.org/wikipedia/commons/f/fd/Hpnotiq.jpg?utm_source=en.wikipedia.org&utm_campaign=imageinfo&utm_content=original,https://commons.wikimedia.org/wiki/File:Hpnotiq.jpg,CC BY 2.0,non-free/fair-use logo
Hurricane,Beer,https://upload.wikimedia.org/wikipedia/commons/b/b5/Hurricane_Festival_Logo.svg?utm_source=commons.wikimedia.org&utm_campaign=imageinfo&utm_content=original,https://commons.wikimedia.org/wiki/File:Hurricane_Festival_Logo.svg,Public domain,generic brand name
Jack Daniel's,Spirits,https://upload.wikimedia.org/wikipedia/en/a/a8/Jack_Daniels_Logo.svg?utm_source=en.wikipedia.org&utm_campaign=imageinfo&utm_content=original,https://en.wikipedia.org/wiki/File:Jack_Daniels_Logo.svg,Fair use,non-free/fair-use logo
Jim Beam,Spirits,https://upload.wikimedia.org/wikipedia/en/f/ff/Jim_Beam_Logo_2023.svg?utm_source=en.wikipedia.org&utm_campaign=imageinfo&utm_content=original,https://en.wikipedia.org/wiki/File:Jim_Beam_Logo_2023.svg,Fair use,non-free/fair-use logo
Johnnie Walker,Spirits,https://upload.wikimedia.org/wikipedia/en/3/37/Johnnie_Walker_logo_%282015-present%29.svg?utm_source=en.wikipedia.org&utm_campaign=imageinfo&utm_content=original,https://en.wikipedia.org/wiki/File:Johnnie_Walker_logo_(2015-present).svg,Fair use,non-free/fair-use logo
Josh Cellars,Wine,https://upload.wikimedia.org/wikipedia/en/a/aa/Josh_Cellars_logo.png?utm_source=en.wikipedia.org&utm_campaign=imageinfo&utm_content=original,https://en.wikipedia.org/wiki/File:Josh_Cellars_logo.png,Fair use,non-free/fair-use logo
Knob Creek,Spirits,https://upload.wikimedia.org/wikipedia/commons/f/f6/Knob_Creek.JPG?utm_source=en.wikipedia.org&utm_campaign=imageinfo&utm_content=original,https://commons.wikimedia.org/wiki/File:Knob_Creek.JPG,CC BY-SA 3.0,non-free/fair-use logo
Kona Brewing,Beer,https://upload.wikimedia.org/wikipedia/en/d/da/Kona_Brewing_Company_Logo.png?utm_source=en.wikipedia.org&utm_campaign=imageinfo&utm_content=original,https://en.wikipedia.org/wiki/File:Kona_Brewing_Company_Logo.png,Fair use,non-free/fair-use logo
Kraken,Spirits,https://upload.wikimedia.org/wikipedia/commons/6/6e/Kraken_Black_Spiced_Rum_logo.svg?utm_source=commons.wikimedia.org&utm_campaign=imageinfo&utm_content=original,https://commons.wikimedia.org/wiki/File:Kraken_Black_Spiced_Rum_logo.svg,Public domain,generic brand name
Lunazul,Spirits,https://upload.wikimedia.org/wikipedia/commons/a/a7/TequilaLunazul.JPG?utm_source=en.wikipedia.org&utm_campaign=imageinfo&utm_content=original,https://commons.wikimedia.org/wiki/File:TequilaLunazul.JPG,Public domain,non-free/fair-use logo
Martell,Spirits,https://upload.wikimedia.org/wikipedia/en/b/bc/Martell_%28cognac%29_logo.svg?utm_source=en.wikipedia.org&utm_campaign=imageinfo&utm_content=original,https://en.wikipedia.org/wiki/File:Martell_(cognac)_logo.svg,Fair use,non-free/fair-use logo
Michelob Ultra,Beer,https://upload.wikimedia.org/wikipedia/commons/a/a3/Evo_2017_at_Mandalay_Bay_Events_Center.jpg?utm_source=en.wikipedia.org&utm_campaign=imageinfo&utm_content=original,https://commons.wikimedia.org/wiki/File:Evo_2017_at_Mandalay_Bay_Events_Center.jpg,CC BY-SA 4.0,non-free/fair-use logo
Miller Lite,Beer,https://upload.wikimedia.org/wikipedia/en/f/f3/MillerLite2014.png?utm_source=en.wikipedia.org&utm_campaign=imageinfo&utm_content=original,https://en.wikipedia.org/wiki/File:MillerLite2014.png,Fair use,non-free/fair-use logo
Monaco,RTD,https://upload.wikimedia.org/wikipedia/commons/d/df/Monaco_Red_Cross_logo.svg?utm_source=commons.wikimedia.org&utm_campaign=imageinfo&utm_content=original,https://commons.wikimedia.org/wiki/File:Monaco_Red_Cross_logo.svg,Public domain,generic brand name
Moosehead,Beer,https://upload.wikimedia.org/wikipedia/en/4/46/Moosehead.jpg?utm_source=en.wikipedia.org&utm_campaign=imageinfo&utm_content=original,https://en.wikipedia.org/wiki/File:Moosehead.jpg,Fair use,non-free/fair-use logo
Mount Gay,Spirits,https://upload.wikimedia.org/wikipedia/en/8/8a/Mount_Gay_Colour.svg?utm_source=en.wikipedia.org&utm_campaign=imageinfo&utm_content=original,https://en.wikipedia.org/wiki/File:Mount_Gay_Colour.svg,Fair use,non-free/fair-use logo
Natural Light,Beer,https://upload.wikimedia.org/wikipedia/en/6/67/Natural_Light_Logo.png?utm_source=en.wikipedia.org&utm_campaign=imageinfo&utm_content=original,https://en.wikipedia.org/wiki/File:Natural_Light_Logo.png,Fair use,non-free/fair-use logo
Nectar,RTD,https://upload.wikimedia.org/wikipedia/commons/f/ff/NECTAR_logo%2C_1978.svg?utm_source=commons.wikimedia.org&utm_campaign=imageinfo&utm_content=original,"https://commons.wikimedia.org/wiki/File:NECTAR_logo,_1978.svg",Public domain,generic brand name
New Amsterdam,Spirits,https://upload.wikimedia.org/wikipedia/commons/9/94/New_Amsterdam_Theatre.jpg?utm_source=en.wikipedia.org&utm_campaign=imageinfo&utm_content=original,https://commons.wikimedia.org/wiki/File:New_Amsterdam_Theatre.jpg,CC BY-SA 4.0,non-free/fair-use logo
New Belgium,Beer,https://upload.wikimedia.org/wikipedia/en/b/b6/Newbelgiumbrewinglogo.jpg?utm_source=en.wikipedia.org&utm_campaign=imageinfo&utm_content=original,https://en.wikipedia.org/wiki/File:Newbelgiumbrewinglogo.jpg,Fair use,non-free/fair-use logo
Nikka,Spirits,https://upload.wikimedia.org/wikipedia/commons/8/82/Nikka_Susukino_Sapporo01s.jpg?utm_source=en.wikipedia.org&utm_campaign=imageinfo&utm_content=original,https://commons.wikimedia.org/wiki/File:Nikka_Susukino_Sapporo01s.jpg,CC BY 2.5,non-free/fair-use logo
Old Forester,Spirits,https://upload.wikimedia.org/wikipedia/commons/e/e3/Old_Forester_86_proof_and_100_proof.jpg?utm_source=en.wikipedia.org&utm_campaign=imageinfo&utm_content=original,https://commons.wikimedia.org/wiki/File:Old_Forester_86_proof_and_100_proof.jpg,CC BY-SA 4.0,non-free/fair-use logo
Old Milwaukee,Beer,https://upload.wikimedia.org/wikipedia/en/6/61/Old_Milwaukee_New_Logo.png?utm_source=en.wikipedia.org&utm_campaign=imageinfo&utm_content=original,https://en.wikipedia.org/wiki/File:Old_Milwaukee_New_Logo.png,Fair use,non-free/fair-use logo
Olympia,Beer,https://upload.wikimedia.org/wikipedia/commons/5/5b/Olympia_Bikes_logo.svg?utm_source=commons.wikimedia.org&utm_campaign=imageinfo&utm_content=original,https://commons.wikimedia.org/wiki/File:Olympia_Bikes_logo.svg,Public domain,generic brand name
Onda,RTD,https://upload.wikimedia.org/wikipedia/commons/4/4e/Onda_Logo.svg?utm_source=commons.wikimedia.org&utm_campaign=imageinfo&utm_content=original,https://commons.wikimedia.org/wiki/File:Onda_Logo.svg,Public domain,generic brand name
Orion,Beer,https://upload.wikimedia.org/wikipedia/commons/5/54/Orion_pharma_logo_%282025-%29.svg?utm_source=commons.wikimedia.org&utm_campaign=imageinfo&utm_content=original,https://commons.wikimedia.org/wiki/File:Orion_pharma_logo_(2025-).svg,Public domain,generic brand name
Paulaner,Beer,https://upload.wikimedia.org/wikipedia/en/a/ae/Paulaner_%28Brauerei%29_logo.svg?utm_source=en.wikipedia.org&utm_campaign=imageinfo&utm_content=original,https://en.wikipedia.org/wiki/File:Paulaner_(Brauerei)_logo.svg,Fair use,non-free/fair-use logo
Pinnacle,Spirits,https://upload.wikimedia.org/wikipedia/commons/7/74/Pinnacle-Logo.svg?utm_source=commons.wikimedia.org&utm_campaign=imageinfo&utm_content=original,https://commons.wikimedia.org/wiki/File:Pinnacle-Logo.svg,Public domain,generic brand name
Press,RTD,https://upload.wikimedia.org/wikipedia/commons/f/fb/Press_TV_logo.svg?utm_source=commons.wikimedia.org&utm_campaign=imageinfo&utm_content=original,https://commons.wikimedia.org/wiki/File:Press_TV_logo.svg,Public domain,generic brand name
Ranch Water,RTD,https://upload.wikimedia.org/wikipedia/commons/3/33/Ranch_water.jpg?utm_source=en.wikipedia.org&utm_campaign=imageinfo&utm_content=original,https://commons.wikimedia.org/wiki/File:Ranch_water.jpg,CC BY 4.0,non-free/fair-use logo
Red Stripe,Beer,https://upload.wikimedia.org/wikipedia/en/7/72/Red_Stripe_logo.png?utm_source=en.wikipedia.org&utm_campaign=imageinfo&utm_content=original,https://en.wikipedia.org/wiki/File:Red_Stripe_logo.png,Fair use,non-free/fair-use logo
Robert Mondavi,Wine,https://upload.wikimedia.org/wikipedia/commons/f/fd/Robert_Mondavi_%281971%29_%28cropped%29.jpg?utm_source=en.wikipedia.org&utm_campaign=imageinfo&utm_content=original,https://commons.wikimedia.org/wiki/File:Robert_Mondavi_(1971)_(cropped).jpg,Public domain,non-free/fair-use logo
Rogue,Beer,https://upload.wikimedia.org/wikipedia/commons/4/4f/Rogue_Invitational_logo.png?utm_source=commons.wikimedia.org&utm_campaign=imageinfo&utm_content=original,https://commons.wikimedia.org/wiki/File:Rogue_Invitational_logo.png,Public domain,generic brand name
Rolling Rock,Beer,https://upload.wikimedia.org/wikipedia/en/7/72/Rolling_Rock_logo.png?utm_source=en.wikipedia.org&utm_campaign=imageinfo&utm_content=original,https://en.wikipedia.org/wiki/File:Rolling_Rock_logo.png,Fair use,non-free/fair-use logo
Shock Top,Beer,https://upload.wikimedia.org/wikipedia/en/4/4f/Shock_Top_2017_Logo.png?utm_source=en.wikipedia.org&utm_campaign=imageinfo&utm_content=original,https://en.wikipedia.org/wiki/File:Shock_Top_2017_Logo.png,Fair use,non-free/fair-use logo
Sierra Nevada,Beer,https://upload.wikimedia.org/wikipedia/en/7/70/Sierra_Nevada_Brewery_Logo.png?utm_source=en.wikipedia.org&utm_campaign=imageinfo&utm_content=original,https://en.wikipedia.org/wiki/File:Sierra_Nevada_Brewery_Logo.png,Fair use,non-free/fair-use logo
Smirnoff,Spirits,https://upload.wikimedia.org/wikipedia/en/0/0d/Smirnoff.svg?utm_source=en.wikipedia.org&utm_campaign=imageinfo&utm_content=original,https://en.wikipedia.org/wiki/File:Smirnoff.svg,Fair use,non-free/fair-use logo
Southern Comfort,Spirits,https://upload.wikimedia.org/wikipedia/en/b/be/Southerncomfortposter.jpg?utm_source=en.wikipedia.org&utm_campaign=imageinfo&utm_content=original,https://en.wikipedia.org/wiki/File:Southerncomfortposter.jpg,Fair use,non-free/fair-use logo
Steel Reserve,Beer,https://upload.wikimedia.org/wikipedia/en/6/63/Steel_Reserve_Logo.jpg?utm_source=en.wikipedia.org&utm_campaign=imageinfo&utm_content=original,https://en.wikipedia.org/wiki/File:Steel_Reserve_Logo.jpg,Fair use,non-free/fair-use logo
Stone Brewing,Beer,https://upload.wikimedia.org/wikipedia/en/e/ed/Stone_Brewing_Co._logo.svg?utm_source=en.wikipedia.org&utm_campaign=imageinfo&utm_content=original,https://en.wikipedia.org/wiki/File:Stone_Brewing_Co._logo.svg,Fair use,non-free/fair-use logo
Tiger,Beer,https://upload.wikimedia.org/wikipedia/commons/f/fd/Tiger_%28Unternehmen%29_Logo.svg?utm_source=commons.wikimedia.org&utm_campaign=imageinfo&utm_content=original,https://commons.wikimedia.org/wiki/File:Tiger_(Unternehmen)_Logo.svg,Public domain,generic brand name
Tito's,Spirits,https://upload.wikimedia.org/wikipedia/commons/3/30/Tito%27s_Vodka_bottle_1.75L_size.jpg?utm_source=en.wikipedia.org&utm_campaign=imageinfo&utm_content=original,https://commons.wikimedia.org/wiki/File:Tito%27s_Vodka_bottle_1.75L_size.jpg,CC BY-SA 4.0,non-free/fair-use logo
Tsingtao,Beer,https://upload.wikimedia.org/wikipedia/commons/b/bc/Tsingtao_Brewery_in_Qingdao.jpg?utm_source=en.wikipedia.org&utm_campaign=imageinfo&utm_content=original,https://commons.wikimedia.org/wiki/File:Tsingtao_Brewery_in_Qingdao.jpg,CC BY-SA 4.0,non-free/fair-use logo
Veuve Clicquot,Wine,https://upload.wikimedia.org/wikipedia/commons/c/cc/Logo_Veuve_Clicquot.png?utm_source=en.wikipedia.org&utm_campaign=imageinfo&utm_content=original,https://commons.wikimedia.org/wiki/File:Logo_Veuve_Clicquot.png,CC BY 3.0,non-free/fair-use logo
Victoria,Beer,https://upload.wikimedia.org/wikipedia/commons/3/38/Victoria_Bucure%C8%99ti_%28logo%29.svg?utm_source=commons.wikimedia.org&utm_campaign=imageinfo&utm_content=original,https://commons.wikimedia.org/wiki/File:Victoria_Bucure%C8%99ti_(logo).svg,Public domain,generic brand name
Wente,Wine,https://upload.wikimedia.org/wikipedia/commons/f/fe/Wente_Vineyards_in_the_Livermore_Valley.jpg?utm_source=en.wikipedia.org&utm_campaign=imageinfo&utm_content=original,https://commons.wikimedia.org/wiki/File:Wente_Vineyards_in_the_Livermore_Valley.jpg,CC BY-SA 3.0,generic brand name
Woodford Reserve,Spirits,https://upload.wikimedia.org/wikipedia/en/b/b3/Woodford_Reserve.jpg?utm_source=en.wikipedia.org&utm_campaign=imageinfo&utm_content=original,https://en.wikipedia.org/wiki/File:Woodford_Reserve.jpg,CC-BY-SA-3.0,non-free/fair-use logo
XXL,Spirits,https://upload.wikimedia.org/wikipedia/commons/b/b3/XXL_Logo.svg?utm_source=commons.wikimedia.org&utm_campaign=imageinfo&utm_content=original,https://commons.wikimedia.org/wiki/File:XXL_Logo.svg,Public domain,generic brand name
Yuengling,Beer,https://upload.wikimedia.org/wikipedia/en/2/26/Yuengling_logo.svg?utm_source=en.wikipedia.org&utm_campaign=imageinfo&utm_content=original,https://en.wikipedia.org/wiki/File:Yuengling_logo.svg,Fair use,non-free/fair-use logo
